time_s,x_m,sinkage_m,drawbar_pull_N,torque_Nm,normal_reaction_N,traction_N
0.006000,-0.130000,0.000184,-0.000102,0.000189,0.091025,-0.000241
0.012000,-0.130000,0.000721,-0.004475,0.000138,0.362765,-0.006039
0.018000,-0.130000,0.001610,-0.013067,0.000403,1.003104,-0.013983
0.024000,-0.130000,0.002850,-0.013558,0.002520,2.268320,-0.013166
0.030000,-0.130000,0.004438,-0.031401,-0.003802,5.016563,-0.038595
0.036000,-0.130000,0.006368,-0.268560,-0.056563,9.124239,-0.381078
0.042000,-0.130000,0.008629,-0.521962,-0.083457,16.438932,-0.415661
0.048000,-0.130000,0.011206,0.201711,0.080535,26.836287,0.404230
0.054000,-0.130000,0.014074,0.177789,0.146404,41.558823,0.121858
0.060000,-0.130000,0.017197,-0.940814,-0.044933,62.045460,-0.855637
0.066000,-0.130000,0.020526,-0.477865,-0.034643,103.259003,-0.643732
0.072000,-0.130000,0.023970,-1.133496,-0.139840,161.651016,-1.087615
0.078000,-0.130000,0.027392,-1.144570,-0.039860,231.036621,-0.900753
0.084000,-0.130000,0.030625,-0.811850,-0.089397,345.799774,-0.896735
0.090000,-0.130000,0.033408,-2.770399,-0.443070,489.559387,-2.603022
0.096000,-0.130000,0.035406,-0.350822,-0.108600,607.955444,-0.175754
0.102000,-0.130000,0.036333,-0.428440,-0.038776,679.194641,-0.899938
0.108000,-0.130000,0.036012,0.279774,-0.019484,609.842224,-0.026896
0.114000,-0.130000,0.034588,-2.259660,-0.516107,324.691498,-2.933419
0.120000,-0.130000,0.032659,-4.711509,-0.895934,76.534035,-4.777207
0.126000,-0.130000,0.030818,-2.563560,-0.455268,1.153495,-2.390375
0.132000,-0.130000,0.029306,-0.362262,-0.069069,-2.944708,-0.291335
0.138000,-0.130000,0.028154,-0.106474,-0.024480,-1.545236,-0.098499
0.144000,-0.130000,0.027359,-0.020562,-0.013584,-0.940445,-0.012087
0.150000,-0.130000,0.026920,0.027288,0.003453,-0.631942,0.044076
0.156000,-0.130000,0.026836,-0.046813,-0.006328,-0.205870,-0.056447
0.162000,-0.130000,0.027105,-0.080880,-0.010251,0.670781,-0.075832
0.168000,-0.130000,0.027726,-0.022431,-0.002385,2.656460,-0.016926
0.174000,-0.130000,0.028694,0.148082,0.032009,9.526234,0.178355
0.180000,-0.130000,0.029991,0.040886,0.055659,34.235428,-0.038291
0.186000,-0.130000,0.031561,-0.209195,0.120978,113.145531,-0.137009
0.192000,-0.130000,0.033225,0.531081,0.252936,266.351166,0.752307
0.198000,-0.130000,0.034638,1.990313,0.453477,455.451904,2.469175
0.204000,-0.130000,0.035368,3.247121,0.497910,565.088867,3.526158
0.210000,-0.130000,0.035136,2.733911,0.453686,519.062988,2.328078
0.216000,-0.130000,0.034018,1.399881,0.205454,306.295471,1.072956
0.222000,-0.130000,0.032459,0.465992,0.207018,88.968826,0.467658
0.228000,-0.130000,0.030971,0.375569,0.162916,3.565670,0.739334
0.234000,-0.130000,0.029800,0.096573,0.016420,-2.647222,-0.045084
0.240000,-0.130000,0.028989,-0.136703,-0.025648,-1.210433,-0.007832
0.246000,-0.130000,0.028534,0.009285,-0.002196,-0.619773,0.014275
0.252000,-0.130000,0.028434,0.035659,0.002089,-0.322978,-0.014026
0.258000,-0.130000,0.028688,-0.007116,-0.002198,0.761790,-0.029473
0.264000,-0.130000,0.029294,0.006940,0.004317,4.499699,0.010548
0.270000,-0.130000,0.030241,0.124235,0.030559,19.584396,0.169194
0.276000,-0.130000,0.031494,0.807826,0.212075,72.123878,0.939467
0.282000,-0.130000,0.032934,1.338933,0.370575,193.396042,1.779126
0.288000,-0.130000,0.034287,1.763587,0.493660,372.641785,1.973253
0.294000,-0.130000,0.035149,4.590279,0.920314,515.444580,4.766257
0.300000,-0.130000,0.035178,4.955694,0.934605,525.202393,4.882535
0.306000,-0.130000,0.034320,3.772350,0.625406,363.354065,3.583593
0.312000,-0.130000,0.032906,1.498855,0.173391,140.263779,1.131811
0.318000,-0.130000,0.031438,-0.065213,-0.030230,19.837185,0.037347
0.324000,-0.130000,0.030238,0.568652,0.077644,-3.522393,0.442119
0.330000,-0.130000,0.029393,-0.004309,-0.001361,-1.974606,0.083561
0.336000,-0.130000,0.028906,-0.028710,-0.001818,-0.902514,-0.032331
0.342000,-0.130000,0.028776,-0.043915,-0.006740,-0.293169,-0.054828
0.348000,-0.130000,0.028999,-0.015282,-0.003902,0.638480,-0.003875
0.354000,-0.130000,0.029573,0.127456,0.018925,4.214087,0.168072
0.360000,-0.130000,0.030491,0.534892,0.105528,20.685543,0.609606
0.366000,-0.130000,0.031712,1.549123,0.293904,74.164551,1.676535
0.372000,-0.130000,0.033114,2.757589,0.482513,193.369827,2.904787
0.378000,-0.130000,0.034431,3.683748,0.668240,368.628326,3.972095
0.384000,-0.130000,0.035265,6.465465,1.122498,506.729584,6.358294
0.390000,-0.130000,0.035283,6.264754,1.126517,516.564941,6.216975
0.396000,-0.130000,0.034433,4.888221,0.840032,357.479462,4.680245
0.402000,-0.130000,0.033041,2.963642,0.535520,140.030792,2.661114
0.408000,-0.130000,0.031599,1.147384,0.285991,20.847191,1.378309
0.414000,-0.129998,0.030424,-0.439166,0.093478,-3.515407,0.228355
0.420000,-0.129994,0.029603,-1.352214,0.012933,-1.976131,-0.057820
0.426000,-0.129987,0.029141,-1.746986,0.012766,-0.776479,-0.031205
0.432000,-0.129976,0.029034,-2.187370,0.007187,-0.004226,-0.080473
0.438000,-0.129961,0.029280,-2.576039,0.007639,1.104711,-0.057414
0.444000,-0.129939,0.029877,-2.715428,0.046011,5.844923,0.242867
0.450000,-0.129911,0.030813,-1.981172,0.261184,27.234280,1.457968
0.456000,-0.129875,0.032037,-0.666059,0.617712,88.562973,3.109036
0.462000,-0.129830,0.033411,0.056961,0.772051,215.016159,4.000357
0.468000,-0.129777,0.034650,0.468168,1.004354,384.948456,4.671501
0.474000,-0.129714,0.035366,2.566946,1.472718,509.931732,7.317956
0.480000,-0.129640,0.035258,4.027292,1.829157,496.450989,8.743654
0.486000,-0.129555,0.034322,2.386101,1.706518,325.657471,7.219739
0.492000,-0.129459,0.032915,-0.404558,1.215321,119.658775,4.577370
0.498000,-0.129350,0.031510,-2.452035,0.724930,15.421453,2.816624
0.504000,-0.129228,0.030388,-4.200346,0.293565,-3.952542,1.096276
0.510000,-0.129092,0.029623,-5.743163,0.072786,-1.765766,0.146272
0.516000,-0.128943,0.029216,-6.017753,0.062356,-0.702402,0.037850
0.522000,-0.128780,0.029164,-6.195440,0.061332,0.220809,0.009932
0.528000,-0.128603,0.029466,-6.310942,0.074577,1.756826,0.013402
0.534000,-0.128410,0.030116,-6.058242,0.189328,8.853323,0.452564
0.540000,-0.128203,0.031097,-4.870033,0.609243,37.142586,1.838392
0.546000,-0.127981,0.032345,-2.618147,1.474925,106.699959,4.125131
0.552000,-0.127744,0.033701,-1.021995,2.641416,243.155457,5.698177
0.558000,-0.127492,0.034859,-0.069794,3.832693,408.835785,6.745820
0.564000,-0.127224,0.035440,7.250325,5.069083,504.744904,14.777261
0.570000,-0.126942,0.035197,11.461912,6.018055,469.274963,18.136784
0.576000,-0.126645,0.034185,10.748912,5.701865,292.783539,16.594940
0.582000,-0.126334,0.032778,8.514475,4.236267,105.314644,14.630161
0.588000,-0.126008,0.031414,4.609706,2.393863,17.638433,9.882837
0.594000,-0.125669,0.030333,-0.650158,0.932509,-1.179634,4.695661
0.600000,-0.125315,0.029603,-3.729723,0.316208,-2.043492,1.704670
0.606000,-0.124949,0.029230,-4.458600,0.189042,-0.622495,0.903346
0.612000,-0.124571,0.029213,-4.450716,0.188991,0.861396,0.724467
0.618000,-0.124180,0.029547,-4.012752,0.294445,4.288215,1.025249
0.624000,-0.123778,0.030224,-2.408178,0.749834,16.225573,2.565131
0.630000,-0.123365,0.031215,0.836914,2.000033,53.526543,5.624292
0.636000,-0.122942,0.032436,4.234191,4.181329,133.728699,8.672358
0.642000,-0.122509,0.033704,7.420021,6.946203,263.665833,11.448343
0.648000,-0.122068,0.034727,11.966518,9.200815,391.620300,16.925371
0.654000,-0.121619,0.035203,24.284344,11.232142,451.136871,28.696873
0.660000,-0.121163,0.034973,30.543148,12.420168,420.556915,33.098110
0.666000,-0.120701,0.034091,28.954314,11.233455,287.204132,30.770163
0.672000,-0.120234,0.032839,27.057619,8.696515,138.196548,28.155777
0.678000,-0.119762,0.031563,20.436323,5.373215,48.095661,20.557575
0.684000,-0.119287,0.030499,12.953711,2.829501,13.058016,13.141916
0.690000,-0.118809,0.029746,8.089644,1.564040,3.972187,8.066666
0.696000,-0.118330,0.029334,5.383288,0.992646,2.636242,5.531715
0.702000,-0.117850,0.029268,4.915955,0.922679,4.517655,4.945894
0.708000,-0.117370,0.029545,5.413555,1.205245,11.263347,5.628987
0.714000,-0.116890,0.030148,7.689685,2.126784,29.498814,8.171865
0.720000,-0.116410,0.031036,11.647759,4.003569,70.637207,12.251275
0.726000,-0.115930,0.032115,16.207307,6.845783,145.309692,16.669044
0.732000,-0.115450,0.033214,19.650577,9.836667,248.304718,20.290329
0.738000,-0.114970,0.034098,25.686694,12.490266,342.239746,27.172104
0.744000,-0.114490,0.034543,35.081756,14.531552,388.439911,36.293156
0.750000,-0.114010,0.034425,41.527877,15.703374,379.251862,41.708618
0.756000,-0.113530,0.033756,40.070127,14.547089,296.070282,39.577473
0.762000,-0.113050,0.032710,36.470232,11.674287,178.751724,35.909920
0.768000,-0.112570,0.031555,30.824211,8.269824,88.709846,29.646362
0.774000,-0.112090,0.030514,23.135389,5.274469,40.247269,22.390461
0.780000,-0.111610,0.029715,17.681826,3.525721,18.865255,17.061121
0.786000,-0.111130,0.029218,13.681905,2.587059,11.920894,13.267084
0.792000,-0.110650,0.029043,11.886001,2.275602,11.951056,11.843696
0.798000,-0.110170,0.029192,12.265163,2.550470,18.684757,12.460151
0.804000,-0.109690,0.029650,14.497892,3.483528,36.179142,14.989071
0.810000,-0.109210,0.030377,18.710220,5.317396,71.499557,19.387135
0.816000,-0.108730,0.031292,23.439061,8.021619,132.387970,24.058596
0.822000,-0.108250,0.032256,28.209456,11.169910,214.289246,28.787992
0.828000,-0.107770,0.033080,33.626413,13.862683,293.015198,34.608578
0.834000,-0.107290,0.033577,40.807244,15.837515,340.615387,41.991489
0.840000,-0.106810,0.033625,47.597822,17.014453,345.873444,47.920151
0.846000,-0.106330,0.033203,47.785066,16.649557,303.166656,47.251068
0.852000,-0.105850,0.032399,44.295225,14.183395,216.940613,43.804821
0.858000,-0.105370,0.031404,39.534826,11.005640,134.042679,38.803734
0.864000,-0.104890,0.030417,33.674654,8.089132,76.073135,32.777626
0.870000,-0.104410,0.029584,27.981900,6.011309,43.722694,27.317575
0.876000,-0.103930,0.028989,23.618554,4.737289,28.498590,23.033880
0.882000,-0.103450,0.028675,20.634587,4.068223,23.852755,20.387735
0.888000,-0.102970,0.028655,20.039145,4.054770,26.971415,20.110588
0.894000,-0.102490,0.028923,21.696785,4.734198,39.729858,22.132277
0.900000,-0.102010,0.029451,25.550456,6.217858,65.785088,26.238516
0.906000,-0.101530,0.030179,30.548891,8.550680,111.448990,31.212782
0.912000,-0.101050,0.031003,35.240428,11.442339,176.430542,35.869827
0.918000,-0.100570,0.031772,39.877506,14.186967,245.040634,40.480125
0.924000,-0.100090,0.032325,45.830160,16.373655,295.046814,46.620789
0.930000,-0.099610,0.032538,51.055798,17.582479,314.230865,51.738823
0.936000,-0.099130,0.032358,53.365216,17.889621,302.598053,53.197407
0.942000,-0.098650,0.031806,51.406292,16.371904,249.172379,50.883068
0.948000,-0.098170,0.030998,47.805676,13.591078,177.071548,47.230301
0.954000,-0.097690,0.030098,42.895178,10.682845,113.711174,42.182762
0.960000,-0.097210,0.029260,37.652445,8.370227,70.956909,36.867390
0.966000,-0.096730,0.028593,32.671545,6.745877,47.010433,32.078781
0.972000,-0.096250,0.028159,28.373041,5.676155,36.336643,27.912163
0.978000,-0.095770,0.027987,25.999116,5.230833,34.882912,25.874672
0.984000,-0.095290,0.028084,26.364049,5.498173,41.863804,26.620951
0.990000,-0.094810,0.028435,29.013276,6.502928,60.396492,29.490973
0.996000,-0.094330,0.028996,33.281485,8.367294,95.151695,33.959038
1.002000,-0.093850,0.029690,37.941580,10.823215,146.204117,38.570641
1.008000,-0.093370,0.030398,41.909632,13.363009,206.350891,42.174698
1.014000,-0.092890,0.030981,45.149052,15.197738,255.621445,45.610226
1.020000,-0.092410,0.031319,49.458596,16.365299,282.049683,49.933315
1.026000,-0.091930,0.031342,52.425679,16.914700,286.094849,52.765827
1.032000,-0.091450,0.031035,52.566031,16.573385,263.646545,52.328094
1.038000,-0.090970,0.030446,51.013133,14.944630,211.694611,50.776356
1.044000,-0.090490,0.029688,48.349605,12.656238,152.185791,47.735294
1.050000,-0.090010,0.028903,43.586481,10.273727,102.609993,42.888073
1.056000,-0.089530,0.028210,38.702238,8.378215,69.305901,38.034058
1.062000,-0.089050,0.027695,34.023346,7.034153,51.864979,33.480370
1.068000,-0.088570,0.027403,30.864247,6.297144,45.084698,30.607582
1.074000,-0.088090,0.027353,30.276448,6.257561,47.386208,30.331387
1.080000,-0.087610,0.027542,31.623151,6.865044,59.928398,31.968483
1.086000,-0.087130,0.027943,34.643165,8.178340,85.277260,35.151417
1.092000,-0.086650,0.028497,38.355952,10.123458,125.337418,38.893776
1.098000,-0.086170,0.029113,41.678827,12.239406,175.343353,42.063278
1.104000,-0.085690,0.029674,44.731271,14.044703,222.537003,45.276844
1.110000,-0.085210,0.030068,48.519482,15.360520,253.282959,49.010223
1.116000,-0.084730,0.030216,52.896463,16.292272,265.414246,53.162796
1.122000,-0.084250,0.030086,54.484790,16.514074,259.301117,54.451450
1.128000,-0.083770,0.029687,53.857161,15.725918,227.490723,53.796898
1.134000,-0.083290,0.029089,52.332291,14.071215,178.282166,51.982155
1.140000,-0.082810,0.028402,48.741542,11.983893,130.449432,48.211815
1.146000,-0.082330,0.027743,44.032322,10.018404,94.026764,43.491730
1.152000,-0.081850,0.027202,39.548565,8.519586,71.223061,38.807640
1.158000,-0.081370,0.026836,35.993259,7.540189,59.279800,35.579842
1.164000,-0.080890,0.026677,34.264029,7.186519,57.407459,34.202316
1.170000,-0.080410,0.026732,34.519786,7.460845,64.835686,34.765549
1.176000,-0.079930,0.026986,36.385781,8.359952,82.843269,36.823738
1.182000,-0.079450,0.027397,39.472355,9.859983,112.640450,39.803680
1.188000,-0.078970,0.027898,42.462600,11.603348,151.882660,42.760689
1.194000,-0.078490,0.028397,44.745144,13.145991,192.962738,45.482391
1.200000,-0.078010,0.028798,48.115614,14.497245,225.655045,48.602642
1.206000,-0.077530,0.029020,52.151359,15.508176,243.137482,52.597271
1.212000,-0.077050,0.029018,54.952983,16.008255,246.005554,55.273441
1.218000,-0.076570,0.028780,55.435999,15.904383,232.424881,55.156277
1.224000,-0.076090,0.028336,53.843510,14.756030,197.130539,53.814793
1.230000,-0.075610,0.027764,51.886412,13.170305,154.557220,50.900692
1.236000,-0.075130,0.027163,47.136854,11.206453,117.575119,47.090500
1.242000,-0.074650,0.026623,42.675557,9.608858,91.158470,42.675694
1.248000,-0.074170,0.026210,39.476279,8.553942,75.039886,39.394169
1.254000,-0.073690,0.025965,37.398354,7.994336,68.771767,37.462070
1.260000,-0.073210,0.025906,36.644854,7.932532,70.875793,37.002071
1.266000,-0.072730,0.026030,38.081855,8.550086,82.770248,38.625652
1.272000,-0.072250,0.026311,41.069706,9.783616,105.253136,41.757629
1.278000,-0.071770,0.026697,44.718537,11.365172,136.106232,45.208321
1.284000,-0.071290,0.027117,47.510744,12.829712,170.002762,47.661034
1.290000,-0.070810,0.027492,50.113745,14.018327,199.931259,50.343304
1.296000,-0.070330,0.027748,52.671713,14.834261,218.854767,52.951805
1.302000,-0.069850,0.027838,54.984887,15.320797,226.497360,55.346046
1.308000,-0.069370,0.027740,56.275515,15.515425,224.382889,56.395821
1.314000,-0.068890,0.027457,55.783930,15.088185,206.407471,55.603264
1.320000,-0.068410,0.027029,54.566346,14.069313,175.924393,54.084503
1.326000,-0.067930,0.026525,51.723163,12.600537,142.646149,51.176266
1.332000,-0.067450,0.026022,48.041957,11.090780,114.011833,47.703888
1.338000,-0.066970,0.025591,44.594897,9.868181,93.821777,44.393681
1.344000,-0.066490,0.025282,42.085499,9.089736,82.484505,41.529850
1.350000,-0.066010,0.025124,40.499816,8.742674,79.597336,40.394886
1.356000,-0.065530,0.025127,40.878484,9.003603,85.686859,41.022751
1.362000,-0.065050,0.025278,42.807857,9.802388,100.476173,43.128517
1.368000,-0.064570,0.025544,45.434045,10.954102,123.586166,45.658180
1.374000,-0.064090,0.025872,47.260987,12.025415,150.085388,47.456879
1.380000,-0.063610,0.026200,49.057983,12.937496,175.012726,49.496502
1.386000,-0.063130,0.026468,51.286178,13.718926,194.184174,51.536522
1.392000,-0.062650,0.026628,53.712342,14.340662,206.559158,54.044323
1.398000,-0.062170,0.026650,55.987092,14.746572,209.835968,56.310165
1.404000,-0.061690,0.026523,56.895259,14.836830,206.003189,56.676682
1.410000,-0.061210,0.026255,56.202266,14.359110,189.727676,56.054691
1.416000,-0.060730,0.025882,54.959044,13.513106,165.128418,54.795059
1.422000,-0.060250,0.025459,52.770751,12.423137,139.428055,52.257412
1.428000,-0.059770,0.025049,49.951765,11.296100,117.271393,49.698723
1.434000,-0.059290,0.024703,47.490681,10.410213,101.468979,47.123089
1.440000,-0.058810,0.024463,45.761669,9.876144,93.231842,45.727016
1.446000,-0.058330,0.024350,44.952644,9.739345,92.608009,45.026932
1.452000,-0.057850,0.024366,45.022773,9.978731,99.291077,45.314754
1.458000,-0.057370,0.024499,46.220756,10.586512,112.864090,46.309959
1.464000,-0.056890,0.024717,47.339083,11.296407,131.570801,47.568386
1.470000,-0.056410,0.024976,48.608594,12.022086,151.899719,48.715569
1.476000,-0.055930,0.025230,49.946555,12.667451,170.777603,50.268898
1.482000,-0.055450,0.025432,51.783822,13.229986,184.804214,51.913712
1.488000,-0.054970,0.025548,53.444848,13.611461,192.614975,53.694324
1.494000,-0.054490,0.025557,54.956472,13.876097,195.440948,55.180439
1.500000,-0.054010,0.025451,55.731051,13.956783,192.672852,55.638767
1.506000,-0.053530,0.025236,55.509505,13.709325,181.559570,55.525887
1.512000,-0.053050,0.024937,54.939331,13.197279,163.857712,54.743286
1.518000,-0.052570,0.024593,53.287694,12.409118,143.745956,53.012711
1.524000,-0.052090,0.024252,51.216514,11.565136,125.245071,50.718079
1.530000,-0.051610,0.023957,48.868659,10.807746,111.888077,48.684341
1.536000,-0.051130,0.023744,47.288312,10.340908,104.243347,47.159985
1.542000,-0.050650,0.023631,47.000950,10.259950,103.205917,47.049103
1.548000,-0.050170,0.023622,46.072057,10.248906,107.301758,46.114021
1.554000,-0.049690,0.023710,46.814769,10.649308,117.850273,46.968933
1.560000,-0.049210,0.023870,47.934006,11.197672,132.453445,48.113071
1.566000,-0.048730,0.024069,49.020257,11.753478,148.787552,49.192776
1.572000,-0.048250,0.024268,50.515243,12.288296,163.587311,50.763683
1.578000,-0.047770,0.024431,52.084590,12.716896,174.396484,52.305618
1.584000,-0.047290,0.024533,53.616711,13.045007,180.881287,53.803600
1.590000,-0.046810,0.024555,54.904351,13.273397,183.683228,55.053982
1.596000,-0.046330,0.024491,55.647319,13.374537,183.016296,55.712139
1.602000,-0.045850,0.024341,55.827196,13.307085,176.962524,55.819920
1.608000,-0.045370,0.024118,55.628107,13.035469,165.249420,55.560768
1.614000,-0.044890,0.023849,54.801237,12.563832,150.632782,54.604904
1.620000,-0.044410,0.023568,53.311053,11.950908,135.612228,53.022053
1.626000,-0.043930,0.023311,51.582610,11.359302,123.399223,51.385059
1.632000,-0.043450,0.023108,50.243268,10.936463,115.214500,50.063225
1.638000,-0.042970,0.022978,48.999402,10.661771,111.836143,48.821476
1.644000,-0.042490,0.022932,48.560547,10.646932,113.852333,48.587116
1.650000,-0.042010,0.022966,48.880687,10.870023,120.713852,48.970303
1.656000,-0.041530,0.023065,49.615990,11.225806,131.082718,49.731583
1.662000,-0.041050,0.023204,50.567023,11.618933,142.911774,50.818123
1.668000,-0.040570,0.023358,52.073678,12.062444,154.631989,52.279640
1.674000,-0.040090,0.023496,53.656894,12.482394,164.587402,53.950401
1.680000,-0.039610,0.023595,55.415696,12.851434,171.146484,55.655113
1.686000,-0.039130,0.023638,56.867377,13.125950,174.628937,57.062859
1.692000,-0.038650,0.023617,57.924194,13.306107,175.640259,58.037460
1.698000,-0.038170,0.023528,58.523650,13.366745,173.657806,58.573769
1.704000,-0.037690,0.023375,58.727870,13.277683,167.212158,58.721363
1.710000,-0.037210,0.023173,58.568327,13.046207,157.118698,58.499149
1.716000,-0.036730,0.022944,57.857815,12.674779,144.642685,57.051113
1.722000,-0.036250,0.022717,56.441421,12.205520,133.938766,56.165058
1.728000,-0.035770,0.022519,55.161023,11.801555,125.248459,55.111019
1.734000,-0.035290,0.022371,54.192617,11.529715,120.227081,54.036724
1.740000,-0.034810,0.022287,53.584258,11.408936,119.104126,53.525627
1.746000,-0.034330,0.022268,53.456784,11.454825,122.324348,53.528347
1.752000,-0.033850,0.022310,53.984085,11.675339,128.901276,54.069210
1.758000,-0.033370,0.022397,54.683996,11.949011,137.541473,54.836720
1.764000,-0.032890,0.022510,55.635948,12.256704,146.483795,55.790070
1.770000,-0.032410,0.022626,56.965798,12.583865,154.679993,57.130764
1.776000,-0.031930,0.022726,58.353972,12.886112,161.244797,58.531406
1.782000,-0.031450,0.022795,59.458616,13.098151,165.442291,59.579800
1.788000,-0.030970,0.022820,60.180183,13.197829,167.111923,60.253124
1.794000,-0.030490,0.022799,60.625705,13.234800,167.323669,60.650501
1.800000,-0.030010,0.022729,60.932701,13.234829,165.408264,60.973747
1.806000,-0.029530,0.022615,61.111567,13.185449,161.014481,61.077866
1.812000,-0.029050,0.022468,60.821661,13.016490,154.171082,60.712021
1.818000,-0.028570,0.022301,59.975366,12.731977,146.161240,59.782703
1.824000,-0.028090,0.022136,59.012465,12.431020,138.393738,58.812283
1.830000,-0.027610,0.021989,57.764168,12.113112,132.182098,57.517540
1.836000,-0.027130,0.021876,56.729694,11.875875,128.327805,56.573715
1.842000,-0.026650,0.021807,55.861613,11.710554,126.988029,55.769714
1.848000,-0.026170,0.021786,55.482288,11.676779,128.669861,55.441540
1.854000,-0.025690,0.021809,55.618067,11.772469,132.718079,55.599098
1.860000,-0.025210,0.021868,55.808233,11.897596,138.274963,55.786942
1.866000,-0.024730,0.021950,56.335231,12.055843,144.096817,56.492977
1.872000,-0.024250,0.022041,56.917420,12.190997,149.234039,56.953957
1.878000,-0.023770,0.022128,57.220641,12.240844,153.067383,57.201283
1.884000,-0.023290,0.022202,58.311850,12.424935,157.220978,58.408840
1.890000,-0.022810,0.022253,59.431406,12.616762,160.142899,59.627918
1.896000,-0.022330,0.022273,60.563154,12.809572,162.135239,60.712452
1.902000,-0.021850,0.022258,61.529184,12.960522,162.646072,61.560406
1.908000,-0.021370,0.022207,62.073488,13.030367,161.470840,62.132862
1.914000,-0.020890,0.022121,62.267485,13.025154,158.434052,62.259956
1.920000,-0.020410,0.022007,62.081423,12.934698,153.675430,62.075733
1.926000,-0.019930,0.021877,61.669047,12.786057,147.664566,61.465504
1.932000,-0.019450,0.021743,60.876365,12.567978,141.754013,60.803177
1.938000,-0.018970,0.021622,60.303057,12.393747,136.771545,60.042362
1.944000,-0.018490,0.021524,59.060621,12.132712,132.711670,58.900452
1.950000,-0.018010,0.021458,58.342709,11.972134,131.294067,58.078362
1.956000,-0.017530,0.021431,57.147821,11.782689,131.366379,57.209019
1.962000,-0.017050,0.021441,56.971184,11.791912,133.992676,56.990967
1.968000,-0.016570,0.021483,57.201118,11.880196,138.111404,57.247627
1.974000,-0.016090,0.021548,57.733337,12.013865,142.812653,57.848770
1.980000,-0.015610,0.021624,58.564167,12.179907,147.367233,58.704224
1.986000,-0.015130,0.021701,59.751187,12.395361,151.517532,59.976570
1.992000,-0.014650,0.021769,60.889019,12.596751,154.929108,61.035740
1.998000,-0.014170,0.021819,61.928558,12.775139,157.564499,62.092880
2.004000,-0.013690,0.021844,62.658267,12.896778,159.362625,62.811920
2.010000,-0.013210,0.021841,63.528561,13.026742,159.861450,63.600441
2.016000,-0.012730,0.021808,64.029321,13.095913,159.412369,64.097305
2.022000,-0.012250,0.021745,64.373684,13.129869,157.653168,64.400627
2.028000,-0.011770,0.021657,64.470507,13.107296,154.265488,64.492821
2.034000,-0.011290,0.021551,64.310532,13.027743,149.823395,64.210152
2.040000,-0.010810,0.021438,63.855222,12.885481,144.813721,63.733093
2.046000,-0.010330,0.021329,62.980375,12.678698,139.864777,62.808735
2.052000,-0.009850,0.021236,62.488757,12.536197,135.845520,62.216076
2.058000,-0.009370,0.021169,61.443005,12.343090,133.916733,61.347836
2.064000,-0.008890,0.021133,61.155656,12.298562,133.783386,61.049763
2.070000,-0.008410,0.021129,60.743701,12.258889,135.053268,60.700245
2.076000,-0.007930,0.021154,60.801241,12.295485,137.761612,60.871151
2.082000,-0.007450,0.021203,61.079934,12.367384,141.146439,61.186031
2.088000,-0.006970,0.021266,61.888370,12.515395,144.902405,62.021149
2.094000,-0.006490,0.021336,62.746266,12.661993,148.089554,62.782207
2.100000,-0.006010,0.021405,63.323797,12.722902,150.673553,63.452335
2.106000,-0.005530,0.021467,63.904502,12.814957,153.282120,64.012672
2.112000,-0.005050,0.021514,64.887026,12.960766,154.838882,65.027199
2.118000,-0.004570,0.021544,65.784534,13.101194,156.419235,65.819901
2.124000,-0.004090,0.021551,66.304380,13.179711,157.109360,66.371071
2.130000,-0.003610,0.021535,66.772968,13.239706,156.787628,66.601318
2.136000,-0.003130,0.021496,66.574483,13.190068,155.542282,66.568489
2.142000,-0.002650,0.021437,66.383466,13.122629,153.101608,66.341766
2.148000,-0.002170,0.021362,65.993882,13.011433,149.810150,65.947250
2.154000,-0.001690,0.021281,65.640643,12.913655,146.299744,65.577019
2.160000,-0.001210,0.021201,65.065053,12.786942,142.885468,64.910370
2.166000,-0.000730,0.021130,64.383952,12.656837,140.210556,64.300690
2.172000,-0.000250,0.021075,63.421747,12.501145,138.075562,63.429646
2.178000,0.000230,0.021041,63.281085,12.471255,137.562714,63.233761
2.184000,0.000710,0.021030,63.197642,12.459508,138.150620,63.192806
2.190000,0.001190,0.021040,63.280766,12.473301,139.656601,63.296913
2.196000,0.001670,0.021069,63.634464,12.530057,141.567917,63.712379
2.202000,0.002150,0.021111,64.172559,12.609652,143.400208,64.221672
2.208000,0.002630,0.021163,64.862783,12.702253,145.812881,64.938698
2.214000,0.003110,0.021218,65.379564,12.786343,148.126678,65.450432
2.220000,0.003590,0.021271,66.239277,12.910582,150.063583,66.351357
2.226000,0.004070,0.021318,66.897858,13.009299,151.826828,67.037819
2.232000,0.004550,0.021354,67.528141,13.103920,153.245041,67.610626
2.238000,0.005030,0.021376,67.992980,13.168688,153.998398,68.088539
2.244000,0.005510,0.021381,68.357724,13.212494,154.336121,68.410065
2.250000,0.005990,0.021370,68.522294,13.225466,153.997375,68.602837
2.256000,0.006470,0.021342,68.782420,13.254215,153.059082,68.758667
2.262000,0.006950,0.021300,68.585690,13.209811,151.268677,68.552467
2.268000,0.007430,0.021247,68.411158,13.162651,149.203964,68.346848
2.274000,0.007910,0.021190,67.888044,13.056692,146.397186,67.817497
2.280000,0.008390,0.021133,67.096600,12.910943,143.896561,66.949951
2.286000,0.008870,0.021083,66.944926,12.861693,141.540176,66.896851
2.292000,0.009350,0.021046,66.603455,12.794580,140.504593,66.687660
2.298000,0.009830,0.021025,66.311968,12.745139,140.013214,66.291496
2.304000,0.010310,0.021021,66.148504,12.715850,140.418716,66.138008
2.310000,0.010790,0.021034,66.159440,12.716904,141.444550,66.172523
2.316000,0.011270,0.021060,66.297000,12.738604,142.713852,66.308960
2.322000,0.011750,0.021097,66.308350,12.721526,143.549286,66.133827
2.328000,0.012230,0.021143,66.868593,12.821907,145.634659,66.953026
2.334000,0.012710,0.021193,67.474243,12.919979,147.290665,67.561066
2.340000,0.013190,0.021243,68.200766,13.040745,149.056000,68.284538
2.346000,0.013670,0.021288,68.661768,13.119181,150.511673,68.706505
2.352000,0.014150,0.021326,68.928370,13.155387,151.635513,68.948433
2.358000,0.014630,0.021354,69.172967,13.179793,152.258621,69.222816
2.364000,0.015110,0.021370,69.504910,13.218654,152.628143,69.497231
2.370000,0.015590,0.021372,69.739384,13.246753,152.444794,69.761566
2.376000,0.016070,0.021362,69.807829,13.250553,151.769806,69.777397
2.382000,0.016550,0.021341,69.787763,13.238002,150.544724,69.781677
2.388000,0.017030,0.021311,69.558148,13.189008,149.120468,69.574562
2.394000,0.017510,0.021276,69.230254,13.118524,147.545059,69.189964
2.400000,0.017990,0.021240,68.966459,13.052471,145.907089,68.891891
2.406000,0.018470,0.021206,68.608780,12.969750,144.309509,68.571999
2.412000,0.018950,0.021178,68.351183,12.904014,143.130569,68.325562
2.418000,0.019430,0.021160,68.310184,12.879955,142.391403,68.289528
2.424000,0.019910,0.021153,68.397077,12.879929,142.314728,68.421127
2.430000,0.020390,0.021158,68.568195,12.896631,142.706863,68.600487
2.436000,0.020870,0.021173,68.811707,12.929112,143.490417,68.844360
2.442000,0.021350,0.021197,69.037208,12.963892,144.544510,69.054512
2.448000,0.021830,0.021228,69.235071,12.999251,145.719009,69.321159
2.454000,0.022310,0.021263,69.614874,13.065921,146.927399,69.665726
2.460000,0.022790,0.021298,69.969673,13.130842,147.996964,70.077110
2.466000,0.023270,0.021331,70.501848,13.227401,149.311615,70.583694
2.472000,0.023750,0.021360,70.978553,13.306230,150.202148,70.852310
2.478000,0.024230,0.021381,71.252500,13.361018,150.911987,71.318733
2.484000,0.024710,0.021394,71.589291,13.421705,151.443588,71.628960
2.490000,0.025190,0.021396,71.884556,13.472234,151.449982,71.924637
2.496000,0.025670,0.021388,72.171431,13.523074,151.239777,72.203125
2.502000,0.026150,0.021371,72.380369,13.559359,150.590988,72.367928
2.508000,0.026630,0.021345,72.245533,13.539972,149.336060,72.213669
2.514000,0.027110,0.021313,72.071765,13.505153,147.936752,72.040695
2.520000,0.027590,0.021279,71.775191,13.444176,146.444138,71.710968
2.526000,0.028070,0.021247,71.306512,13.352694,145.068390,71.232018
2.532000,0.028550,0.021219,70.928842,13.277210,143.921432,70.887421
2.538000,0.029030,0.021198,70.680572,13.225792,143.148727,70.663528
2.544000,0.029510,0.021187,70.458584,13.160033,142.106949,70.414841
2.550000,0.029990,0.021188,69.992766,13.078881,142.412842,69.915657
2.556000,0.030470,0.021199,70.002922,13.066038,142.550476,70.044533
2.562000,0.030950,0.021222,70.243243,13.096678,143.507477,70.277016
2.568000,0.031430,0.021254,70.566444,13.134346,144.605057,70.611115
2.574000,0.031910,0.021292,70.948668,13.185259,145.902771,71.031197
2.580000,0.032390,0.021333,71.414337,13.245933,147.190170,71.480064
2.586000,0.032870,0.021374,71.813580,13.296031,148.427719,71.877243
2.592000,0.033350,0.021413,72.232407,13.356614,149.525360,72.304794
2.598000,0.033830,0.021446,72.727968,13.426868,150.337753,72.781235
2.604000,0.034310,0.021472,73.036974,13.478298,150.896622,73.127243
2.610000,0.034790,0.021489,73.592355,13.577997,151.465439,73.659142
2.616000,0.035270,0.021496,73.962154,13.645432,151.501083,73.995956
2.622000,0.035750,0.021492,74.131077,13.680979,151.191040,74.163284
2.628000,0.036230,0.021479,74.168944,13.686371,150.527634,74.142220
2.634000,0.036710,0.021457,74.008305,13.663379,149.436874,73.997375
2.640000,0.037190,0.021430,73.646397,13.602660,147.992401,73.627609
2.646000,0.037670,0.021400,73.281334,13.549655,146.582718,73.211899
2.652000,0.038150,0.021371,72.669937,13.456781,145.149826,72.600677
2.658000,0.038630,0.021346,72.162466,13.377632,143.874008,72.084152
2.664000,0.039110,0.021329,71.748923,13.311616,142.974777,71.705948
2.670000,0.039590,0.021322,71.523736,13.271365,142.563370,71.504089
2.676000,0.040070,0.021326,71.437083,13.251042,142.555481,71.439178
2.682000,0.040550,0.021341,71.433505,13.240139,142.967682,71.444839
2.688000,0.041030,0.021366,71.546300,13.246282,143.667984,71.571396
2.694000,0.041510,0.021399,71.587798,13.240402,144.470184,71.601517
2.700000,0.041990,0.021439,71.331502,13.199960,145.112854,71.341560
2.706000,0.042470,0.021484,71.705478,13.252465,146.338974,71.799080
2.712000,0.042950,0.021532,72.076501,13.305669,147.528885,72.135849
2.718000,0.043430,0.021579,72.554470,13.380285,148.889954,72.634949
2.724000,0.043910,0.021622,73.136521,13.468726,149.930298,73.188164
2.730000,0.044390,0.021659,73.390551,13.500311,150.736877,73.420197
2.736000,0.044870,0.021687,73.527905,13.516338,151.362183,73.557625
2.742000,0.045350,0.021705,73.616686,13.521968,151.555405,73.565376
2.748000,0.045830,0.021713,73.590249,13.507755,151.293396,73.589668
2.754000,0.046310,0.021711,73.183444,13.433340,150.624176,73.101234
2.760000,0.046790,0.021701,73.252816,13.434267,149.879807,73.254951
2.766000,0.047270,0.021683,73.251374,13.426967,148.853043,73.240768
2.772000,0.047750,0.021662,73.108257,13.400097,147.764999,73.081169
2.778000,0.048230,0.021638,72.726231,13.332973,146.385666,72.706078
2.784000,0.048710,0.021616,72.138312,13.243779,144.810867,72.117340
2.790000,0.049190,0.021600,72.065738,13.221069,143.938446,72.051064
2.796000,0.049670,0.021590,71.921680,13.193448,143.375961,71.945061
2.802000,0.050150,0.021590,72.044540,13.209924,143.260147,72.062103
2.808000,0.050630,0.021599,72.192296,13.233179,143.468384,72.204239
2.814000,0.051110,0.021616,72.394142,13.263839,143.937332,72.423897
2.820000,0.051590,0.021642,72.691947,13.309588,144.715271,72.739540
2.826000,0.052070,0.021673,72.970174,13.350982,145.603149,73.015198
2.832000,0.052550,0.021709,73.270250,13.390940,146.501999,73.297279
2.838000,0.053030,0.021746,73.500081,13.417675,147.447906,73.559502
2.844000,0.053510,0.021782,73.775363,13.451165,148.319977,73.806549
2.850000,0.053990,0.021817,73.993737,13.474772,149.058182,74.056450
2.856000,0.054470,0.021846,74.332924,13.514694,149.591537,74.340294
2.862000,0.054950,0.021871,74.532517,13.535288,149.975998,74.585678
2.868000,0.055430,0.021888,74.757343,13.559653,150.148849,74.790062
2.874000,0.055910,0.021898,75.015820,13.593471,150.033371,74.979187
2.880000,0.056390,0.021902,75.100101,13.600805,149.807755,75.105331
2.886000,0.056870,0.021899,75.129187,13.598784,149.266510,75.120789
2.892000,0.057350,0.021891,75.042852,13.573349,148.450699,75.001289
2.898000,0.057830,0.021879,74.715222,13.512139,147.878708,74.659355
2.904000,0.058310,0.021866,74.456714,13.467659,146.981384,74.460938
2.910000,0.058790,0.021852,74.204170,13.422554,146.267563,74.178604
2.916000,0.059270,0.021841,73.968424,13.382080,145.571274,73.958099
2.922000,0.059750,0.021833,73.741518,13.338552,144.946426,73.727753
2.928000,0.060230,0.021831,73.557525,13.297836,144.449890,73.520195
2.934000,0.060710,0.021834,73.418464,13.258639,144.158936,73.389572
2.940000,0.061190,0.021845,73.400540,13.236392,144.106064,73.387886
2.946000,0.061670,0.021863,73.332714,13.211655,144.354233,73.349030
2.952000,0.062150,0.021888,73.481606,13.224179,144.858765,73.500626
2.958000,0.062630,0.021919,73.632115,13.241423,145.561127,73.663536
2.964000,0.063110,0.021953,73.802575,13.261717,146.413116,73.836029
2.970000,0.063590,0.021990,73.991465,13.282057,147.170410,74.015511
2.976000,0.064070,0.022026,74.169592,13.306538,148.028702,74.186684
2.982000,0.064550,0.022061,74.295496,13.328463,148.673019,74.330177
2.988000,0.065030,0.022092,74.607102,13.377985,149.240753,74.646980
2.994000,0.065510,0.022119,74.864890,13.430089,149.833542,74.900261
3.000000,0.065990,0.022139,75.072518,13.476740,150.278717,75.100952
3.006000,0.066470,0.022152,75.359317,13.533552,150.414551,75.385223
3.012000,0.066950,0.022157,75.511049,13.565060,150.239075,75.526596
3.018000,0.067430,0.022154,75.572255,13.579001,149.840317,75.576248
3.024000,0.067910,0.022145,75.593505,13.586636,149.166458,75.580841
3.030000,0.068390,0.022131,75.571854,13.585573,148.192642,75.571472
3.036000,0.068870,0.022114,75.364903,13.548118,146.995682,75.355766
3.042000,0.069350,0.022098,75.253064,13.524455,145.882080,75.237335
3.048000,0.069830,0.022084,75.130762,13.504760,144.863800,75.129349
3.054000,0.070310,0.022075,74.840414,13.462287,144.020493,74.801018
3.060000,0.070790,0.022074,74.538557,13.412263,143.670197,74.482025
3.066000,0.071270,0.022081,74.142041,13.350455,143.071121,74.046616
3.072000,0.071750,0.022097,73.556346,13.257534,143.052109,73.608711
3.078000,0.072230,0.022123,73.360010,13.231397,143.377838,73.316200
3.084000,0.072710,0.022159,73.374079,13.231774,144.343704,73.405586
3.090000,0.073190,0.022201,73.572803,13.268025,145.587967,73.610764
3.096000,0.073670,0.022248,73.865261,13.318097,146.895111,73.929779
3.102000,0.074150,0.022295,74.254247,13.389479,148.232468,74.311142
3.108000,0.074630,0.022340,74.622953,13.454002,149.353638,74.664711
3.114000,0.075110,0.022381,74.855924,13.489475,150.171936,74.891762
3.120000,0.075590,0.022414,75.078478,13.526716,150.757050,75.135818
3.126000,0.076070,0.022438,75.556982,13.609417,151.229996,75.580055
3.132000,0.076550,0.022453,75.779941,13.656387,151.247787,75.811256
3.138000,0.077030,0.022458,75.854154,13.667242,150.983749,75.839226
3.144000,0.077510,0.022454,75.703097,13.654528,150.500519,75.595100
3.150000,0.077990,0.022442,75.448647,13.632274,149.531326,75.427567
3.156000,0.078470,0.022424,75.147024,13.605088,148.350281,75.068977
3.162000,0.078950,0.022403,74.772497,13.562230,147.276077,74.709557
3.168000,0.079430,0.022381,74.226928,13.482894,145.771973,74.181740
3.174000,0.079910,0.022362,73.814568,13.421986,144.788681,73.742775
3.180000,0.080390,0.022348,73.298697,13.349072,143.916107,73.237160
3.186000,0.080870,0.022342,72.987475,13.309381,143.239456,72.886780
3.192000,0.081350,0.022345,72.795501,13.290222,143.140228,72.798874
3.198000,0.081830,0.022358,72.715690,13.289386,143.346207,72.700165
3.204000,0.082310,0.022380,72.669402,13.300104,143.946335,72.669281
3.210000,0.082790,0.022409,72.693699,13.314060,144.630188,72.712608
3.216000,0.083270,0.022445,72.921752,13.363556,145.577957,72.973503
3.222000,0.083750,0.022485,73.091058,13.405282,146.597015,73.090492
3.228000,0.084230,0.022526,73.266175,13.445827,147.497162,73.321136
3.234000,0.084710,0.022567,73.598100,13.510130,148.480667,73.643532
3.240000,0.085190,0.022605,73.788776,13.552437,149.252640,73.748772
3.246000,0.085670,0.022637,73.963459,13.596305,150.016510,74.004555
3.252000,0.086150,0.022664,74.108286,13.628496,150.495377,74.121620
3.258000,0.086630,0.022682,74.018263,13.627957,150.540878,74.054008
3.264000,0.087110,0.022692,74.148451,13.663337,150.350021,74.067413
3.270000,0.087590,0.022695,74.141926,13.681605,150.038757,74.141975
3.276000,0.088070,0.022690,74.102784,13.686952,149.306900,74.071198
3.282000,0.088550,0.022681,73.893845,13.664681,148.235855,73.814598
3.288000,0.089030,0.022668,73.116815,13.540923,146.512451,73.038460
3.294000,0.089510,0.022657,72.710016,13.487308,145.429428,72.691925
3.300000,0.089990,0.022649,72.328061,13.440875,144.437576,72.269882
3.306000,0.090470,0.022648,72.029984,13.409764,143.998459,72.028526
3.312000,0.090950,0.022654,71.860952,13.396451,143.786407,71.875282
3.318000,0.091430,0.022668,71.954140,13.421853,143.743317,71.952881
3.324000,0.091910,0.022690,72.042653,13.441978,144.215057,72.058640
3.330000,0.092390,0.022719,72.191889,13.469863,144.819397,72.219475
3.336000,0.092870,0.022754,72.302943,13.488762,145.557541,72.325310
3.342000,0.093350,0.022793,72.468903,13.520308,146.564026,72.507919
3.348000,0.093830,0.022833,72.710388,13.552365,147.348740,72.706673
3.354000,0.094310,0.022873,72.974386,13.620588,148.465363,73.062927
3.360000,0.094790,0.022911,73.263727,13.686737,149.282303,73.304436
3.366000,0.095270,0.022943,73.474493,13.737086,149.862579,73.491325
3.372000,0.095750,0.022969,73.610295,13.772778,150.446930,73.616852
3.378000,0.096230,0.022988,73.661632,13.796004,150.679413,73.681526
3.384000,0.096710,0.022997,73.742606,13.825851,150.692581,73.747612
3.390000,0.097190,0.022999,73.780482,13.845591,150.258957,73.762039
3.396000,0.097670,0.022993,73.650701,13.836275,149.691299,73.629578
3.402000,0.098150,0.022981,73.452346,13.804382,148.952591,73.432770
3.408000,0.098630,0.022964,73.289928,13.778121,147.908417,73.209641
3.414000,0.099110,0.022945,72.950518,13.747040,147.020050,72.903198
3.420000,0.099590,0.022927,72.602426,13.711923,146.110764,72.524933
3.426000,0.100070,0.022910,72.125336,13.649432,145.367294,72.053764
3.432000,0.100550,0.022898,71.558407,13.565594,144.665634,71.507393
3.438000,0.101030,0.022891,70.801470,13.452956,143.934967,70.710236
3.444000,0.101510,0.022892,69.869202,13.265040,143.073685,69.735542
3.450000,0.101990,0.022902,69.220376,13.158315,143.387512,69.170990
3.456000,0.102470,0.022922,68.881004,13.086967,143.231247,68.747635
3.462000,0.102950,0.022950,68.245860,12.950532,143.709961,68.200333
3.468000,0.103430,0.022987,68.120390,12.932403,145.000443,68.155899
3.474000,0.103910,0.023030,68.341222,12.967921,145.927628,68.353592
3.480000,0.104390,0.023075,68.534243,13.017170,147.396698,68.588058
3.486000,0.104870,0.023120,68.930784,13.096769,148.922165,68.981949
3.492000,0.105350,0.023162,69.200966,13.149153,149.856827,69.244652
3.498000,0.105830,0.023197,68.199473,12.965407,150.033112,68.410248
3.504000,0.106310,0.023226,68.458274,13.010507,151.081207,68.463013
3.510000,0.106790,0.023245,68.660399,13.051350,151.137283,68.653122
3.516000,0.107270,0.023255,68.341845,13.017593,150.917023,68.457802
3.522000,0.107750,0.023255,68.826888,13.107314,151.172424,68.857529
3.528000,0.108230,0.023246,69.049580,13.147748,150.599197,69.073433
3.534000,0.108710,0.023229,69.118239,13.162900,150.038376,69.109116
3.540000,0.109190,0.023204,69.202167,13.177091,149.040924,69.215500
3.546000,0.109670,0.023175,69.323376,13.194171,147.912857,69.311111
3.552000,0.110150,0.023144,69.320755,13.191981,146.694595,69.284821
3.558000,0.110630,0.023113,69.212176,13.178928,145.611496,69.230476
3.564000,0.111110,0.023086,69.210782,13.178218,144.754196,69.287666
3.570000,0.111590,0.023064,69.216046,13.184846,144.099060,69.058426
3.576000,0.112070,0.023049,68.928027,13.148002,143.770416,68.922348
3.582000,0.112550,0.023042,68.933551,13.160058,143.781265,68.947678
3.588000,0.113030,0.023043,68.998552,13.174459,144.099930,69.023369
3.594000,0.113510,0.023052,69.158897,13.204575,144.691620,69.193565
3.600000,0.113990,0.023067,68.981264,13.195176,145.160950,69.086952
3.606000,0.114470,0.023086,69.360534,13.256388,145.883484,69.430496
3.612000,0.114950,0.023109,69.634955,13.304940,146.748764,69.678711
3.618000,0.115430,0.023133,69.820004,13.335676,147.446060,69.802505
3.624000,0.115910,0.023156,70.168486,13.397673,148.341400,70.184555
3.630000,0.116390,0.023177,70.576609,13.478890,149.197525,70.611855
3.636000,0.116870,0.023193,70.882715,13.525749,149.489304,70.899132
3.642000,0.117350,0.023203,71.076226,13.549206,149.776291,71.083534
3.648000,0.117830,0.023208,71.281453,13.575096,149.931519,71.304985
3.654000,0.118310,0.023205,71.460738,13.600489,149.733536,71.490341
3.660000,0.118790,0.023197,71.640503,13.625095,149.205719,71.663940
3.666000,0.119270,0.023183,71.724294,13.636632,148.607742,71.701187
3.672000,0.119750,0.023165,71.614716,13.613905,147.827026,71.595551
3.678000,0.120230,0.023146,71.420141,13.587129,147.135757,71.499619
3.684000,0.120710,0.023127,71.225274,13.552936,146.161316,71.202515
3.690000,0.121190,0.023110,70.917136,13.509933,145.319366,70.864677
3.696000,0.121670,0.023097,70.361532,13.430155,144.324280,70.257881
3.702000,0.122150,0.023090,70.320503,13.429635,143.801682,70.248016
3.708000,0.122630,0.023091,70.116317,13.407792,143.767044,70.149811
3.714000,0.123110,0.023101,70.399117,13.464680,144.148926,70.441032
3.720000,0.123590,0.023117,70.712184,13.526108,144.715225,70.713440
3.726000,0.124070,0.023140,70.869407,13.565397,145.605087,70.907661
3.732000,0.124550,0.023167,71.082838,13.611838,146.594849,71.127815
3.738000,0.125030,0.023195,71.304320,13.658752,147.599503,71.343338
3.744000,0.125510,0.023222,71.513405,13.700072,148.570969,71.535202
3.750000,0.125990,0.023246,71.673338,13.730836,149.458221,71.720413
3.756000,0.126470,0.023265,71.839641,13.761367,150.062073,71.881058
3.762000,0.126950,0.023276,72.047693,13.792755,150.411926,72.080147
3.768000,0.127430,0.023280,72.256382,13.833725,150.743851,72.280586
3.774000,0.127910,0.023276,72.416605,13.871896,150.561569,72.433838
3.780000,0.128390,0.023263,72.473195,13.886125,150.160553,72.421242
3.786000,0.128870,0.023243,72.447165,13.888062,149.655930,72.465446
3.792000,0.129350,0.023217,72.395767,13.882895,148.787231,72.385536
3.798000,0.129830,0.023187,72.295703,13.872905,147.857178,72.259880
3.804000,0.130310,0.023155,72.117643,13.849009,146.824966,72.084343
3.810000,0.130790,0.023123,71.497087,13.753243,145.695648,71.414734
3.816000,0.131270,0.023095,70.873900,13.658395,144.819305,70.832870
3.822000,0.131750,0.023072,70.828807,13.649360,144.171860,70.806374
3.828000,0.132230,0.023056,70.519949,13.612042,143.814743,70.518509
3.834000,0.132710,0.023048,70.550059,13.615856,143.733887,70.514343
3.840000,0.133190,0.023048,70.493063,13.599259,143.953812,70.522644
3.846000,0.133670,0.023056,70.851615,13.642242,144.298569,70.901176
3.852000,0.134150,0.023071,71.009469,13.668603,145.004425,71.041306
3.858000,0.134630,0.023091,71.362332,13.718779,145.976761,71.425591
3.864000,0.135110,0.023115,71.600763,13.758191,146.877762,71.660133
3.870000,0.135590,0.023139,71.866935,13.804067,147.710556,71.953430
3.876000,0.136070,0.023162,72.158209,13.856044,148.647537,72.192863
3.882000,0.136550,0.023182,72.340995,13.888359,149.448715,72.359650
3.888000,0.137030,0.023197,72.467213,13.906136,149.694687,72.490906
3.894000,0.137510,0.023205,72.555720,13.912721,149.942398,72.581490
3.900000,0.137990,0.023207,72.677023,13.923414,149.869843,72.696800
3.906000,0.138470,0.023203,72.802198,13.937549,149.759460,72.815826
3.912000,0.138950,0.023192,72.856479,13.942051,149.377075,72.857773
3.918000,0.139430,0.023176,72.681940,13.902816,148.803955,72.643456
3.924000,0.139910,0.023155,72.563410,13.886551,148.434708,72.559135
3.930000,0.140390,0.023132,72.248305,13.835485,147.674271,72.192169
3.936000,0.140870,0.023107,71.908234,13.784586,146.951263,71.899765
3.942000,0.141350,0.023082,71.587125,13.731448,146.247421,71.532867
3.948000,0.141830,0.023059,71.231895,13.670623,145.558731,71.017044
3.954000,0.142310,0.023040,70.705088,13.578580,145.031418,70.658257
3.960000,0.142790,0.023026,70.376335,13.521431,144.616226,70.334053
3.966000,0.143270,0.023017,70.194857,13.488174,144.449844,70.193329
3.972000,0.143750,0.023016,70.129638,13.477946,144.568207,70.096558
3.978000,0.144230,0.023020,69.922230,13.449765,144.900787,69.904160
3.984000,0.144710,0.023030,69.799745,13.430096,145.300674,69.803917
3.990000,0.145190,0.023044,69.714527,13.421255,145.953827,69.706436
3.996000,0.145670,0.023061,69.739203,13.432481,146.620941,69.745316
4.002000,0.146150,0.023080,69.830259,13.455375,147.466431,69.816658
4.008000,0.146630,0.023098,69.888301,13.475952,148.175659,69.892807
4.014000,0.147110,0.023114,69.402180,13.416858,148.228073,69.354469
4.020000,0.147590,0.023127,69.292421,13.399822,148.662506,69.276581
4.026000,0.148070,0.023137,69.321499,13.399995,148.837143,69.330452
4.032000,0.148550,0.023143,69.256167,13.379427,148.835968,69.228607
4.038000,0.149030,0.023145,69.246335,13.385793,149.068527,69.327080
4.044000,0.149510,0.023143,69.540165,13.432626,148.853622,69.543961
4.050000,0.149990,0.023136,69.750370,13.470704,148.746552,69.744728
